Location,
"R:\DSPC_Equipment_Downtime\ExpressPleaterData\AB_Pleater_Downtime_Events.csv",
"R:\DSPC_Equipment_Downtime\ExpressPleaterData\CD_Pleater_Downtime_Events.csv",
"R:\DSPC_Equipment_Downtime\ExpressPleaterData\EF_Pleater_Downtime_Events.csv",
"R:\DSPC_Equipment_Downtime\ExpressPleaterData\GH_Pleater_Downtime_Events.csv",
"R:\DSPC_Equipment_Downtime\ExpressPleaterData\JK_Pleater_Downtime_Events.csv",
"R:\DSPC_Equipment_Downtime\ExpressPleaterData\LM_Pleater_Downtime_Events.csv",
"R:\DSPC_Equipment_Downtime\ExpressPleaterData\NO_Pleater_Downtime_Events.csv",
"R:\DSPC_Equipment_Downtime\ExpressPleaterData\PQ_Pleater_Downtime_Events.csv",
"R:\DSPC_Equipment_Downtime\ExpressPleaterData\RS_Pleater_Downtime_Events.csv",
"R:\DSPC_Equipment_Downtime\ExpressPleaterData\TU_Pleater_Downtime_Events.csv",
"R:\DSPC_Equipment_Downtime\ExpressPleaterData\WX_Pleater_Downtime_Events.csv",
"R:\DSPC_Equipment_Downtime\ExpressPleaterData\YZ_Pleater_Downtime_Events.csv",
"C:\Users\M268816\OneDrive - MerckGroup\Special Projects\CSV_Ouput"